Sr.No.,Cut Off Merit (Score),Choice Code,Course Name,"Exam (JEE/MHT-
CET)",Type,Seat Type,Institue Code
1,208 (99.3009880),321524510,Computer Engineering,JEE,AI to AI,AI,3215
2,410 (98.9359770),627124510,Computer Engineering,JEE,AI to AI,AI,6271
3,419 (98.9279741),321524610,Information Technology,JEE,AI to AI,AI,
4,429 (98.9040057),303650710,Chemical Engineering,JEE,AI to AI,AI,
5,461 (98.8512799),627124520,Computer Engineering,JEE,AI to AI,AI,6271
6,482 (98.8125476),627124610,Information Technology,JEE,AI to AI,AI,6271
7,502 (98.7822882),319924510,Computer Engineering,JEE,AI to AI,AI,3199
8,566 (98.6775577),318124510,Computer Engineering,JEE,AI to AI,AI,3181
9,867 (98.2329011),411524210,Computer Science and Engineering,JEE,AI to AI,AI,4115
10,954 (98.1116316),321537210,Electronics and Telecommunication,JEE,AI to AI,AI,
11,966 (98.1031743),303651310,Pharmaceuticals Chemistry and,JEE,AI to AI,AI,
12,1063 (97.9708701),303651910,Polymer Engineering and Technology,JEE,AI to AI,AI,
13,1100 (97.9264263),627324510,Computer Engineering,JEE,AI to AI,AI,
14,1163 (97.8153243),627324520,Computer Engineering,JEE,AI to AI,AI,
15,1270 (97.6631441),318524520,Computer Engineering,JEE,AI to AI,AI,3185
16,1278 (97.6572395),303653410,Food Engineering and Technology,JEE,AI to AI,AI,3036
17,1302 (97.6177507),318161210,Mechanical Engineering,JEE,AI to AI,AI,3181
18,1344 (97.5657110),627324610,Information Technology,JEE,AI to AI,AI,6273
19,1441 (97.4297315),318224510,Computer Engineering,JEE,AI to AI,AI,3182
20,1590 (97.2118993),627137210,Electronics and Telecommunication,JEE,AI to AI,AI,6271
21,1658 (97.1078057),411524220,Computer Science and Engineering,JEE,AI to AI,AI,4115
22,1676 (97.0785194),627137220,Electronics and Telecommunication,JEE,AI to AI,AI,6271
23,1702 (97.0624024),617524510,Computer Engineering,JEE,AI to AI,AI,6175
24,1743 (97.0111671),319937210,Electronics and Telecommunication,JEE,AI to AI,AI,3199
25,1789 (96.9589166),321537610,Electronics Engineering,JEE,AI to AI,AI,
26,1801 (96.9485655),303651410,Fibres and Textile Processing,JEE,AI to AI,AI,
27,1889 (96.8445772),320924510,Computer Engineering,JEE,AI to AI,AI,3209
28,1955 (96.7478855),318137210,Electronics and Telecommunication,JEE,AI to AI,AI,3181
29,1988 (96.7118402),318524510,Computer Engineering,JEE,AI to AI,AI,3185
30,2020 (96.6626524),411524610,Information Technology,JEE,AI to AI,AI,4115
31,2174 (96.4628494),617524520,Computer Engineering,JEE,AI to AI,AI,6175
32,2248 (96.3697591),319961210,Mechanical Engineering,JEE,AI to AI,AI,3199
33,2301 (96.3104187),627824520,Computer Engineering,JEE,AI to AI,AI,6278
34,2389 (96.1760540),411537020,Electronics and Communication,JEE,AI to AI,AI,4115
35,2402 (96.1699189),319724510,Computer Engineering,JEE,AI to AI,AI,3197
36,2430 (96.1159028),318224610,Information Technology,JEE,AI to AI,AI,3182
37,2442 (96.1052365),627624510F,Computer Engineering,JEE,AI to AI,AI,6276
38,2443 (96.0981957),628924510,Computer Engineering,JEE,AI to AI,AI,6289
39,2488 (96.0589880),411537010,Electronics and Communication,JEE,AI to AI,AI,4115
40,2500 (96.0504054),627337220,Electronics and Telecommunication,JEE,AI to AI,AI,
41,2510 (96.0473157),627337210,Electronics and Telecommunication,JEE,AI to AI,AI,
42,2538 (96.0140479),318424510,Computer Engineering,JEE,AI to AI,AI,
43,2574 (95.9627563),617524610,Information Technology,JEE,AI to AI,AI,6175
44,2613 (95.9273183),627361210,Mechanical Engineering,JEE,AI to AI,AI,6273
45,2648 (95.8835122),628924520,Computer Engineering,JEE,AI to AI,AI,
46,2761 (95.7607707),627361220,Mechanical Engineering,JEE,AI to AI,AI,
47,2777 (95.7480839),318490010,Electronics and Computer Science,JEE,AI to AI,AI,
48,2805 (95.7305832),319937610,Electronics Engineering,JEE,AI to AI,AI,3199
49,2864 (95.6566578),627624520F,Computer Engineering,JEE,AI to AI,AI,6276
50,2876 (95.6307934),627624610F,Information Technology,JEE,AI to AI,AI,6276
51,2938 (95.5390195),303651110,Dyestuff Technology,JEE,AI to AI,AI,3036
52,2999 (95.4488227),319724610,Information Technology,JEE,AI to AI,AI,3197
53,3018 (95.4199921),627424510,Computer Engineering,JEE,AI to AI,AI,6274
54,3074 (95.3396410),317624510,Computer Engineering,JEE,AI to AI,AI,3176
55,3224 (95.1348324),318524610,Information Technology,JEE,AI to AI,AI,3185
56,3359 (94.9836850),675424510,Computer Engineering,JEE,AI to AI,AI,6754
57,3416 (94.9118981),318137610,Electronics Engineering,JEE,AI to AI,AI,3181
58,3462 (94.8369831),627360610,Production Engineering,JEE,AI to AI,AI,6273
59,3485 (94.8196928),320924610,Information Technology,JEE,AI to AI,AI,3209
60,3503 (94.7825447),628924610,Information Technology,JEE,AI to AI,AI,6289
61,3580 (94.6939078),627824510,Computer Engineering,JEE,AI to AI,AI,6278
62,3593 (94.6700813),318237210,Electronics and Telecommunication,JEE,AI to AI,AI,3182
63,3695 (94.5402785),617561220,Mechanical Engineering,JEE,AI to AI,AI,6175
64,3738 (94.4918712),320424510,Computer Engineering,JEE,AI to AI,AI,3204
65,3823 (94.3790636),614624510,Computer Engineering,JEE,AI to AI,AI,6146
66,3891 (94.2940407),627224510,Computer Engineering,JEE,AI to AI,AI,6272
67,3895 (94.2940407),317624610,Information Technology,JEE,AI to AI,AI,3176
68,3926 (94.2438727),317424520,Computer Engineering,JEE,AI to AI,AI,3174
69,3946 (94.2349249),617537210,Electronics and Telecommunication,JEE,AI to AI,AI,6175
70,3977 (94.1870682),627424610,Information Technology,JEE,AI to AI,AI,6274
71,4107 (94.0615648),675424610,Information Technology,JEE,AI to AI,AI,6754
72,4154 (93.9958004),313924510,Computer Engineering,JEE,AI to AI,AI,3139
73,4164 (93.9934607),317424510,Computer Engineering,JEE,AI to AI,AI,3174
74,4343 (93.7342635),617537220,Electronics and Telecommunication,JEE,AI to AI,AI,6175
75,4401 (93.6510109),411529310,Electrical Engineering,JEE,AI to AI,AI,4115
76,4468 (93.5842638),627350710,Chemical Engineering,JEE,AI to AI,AI,6273
77,4721 (93.3085018),682224510,Computer Engineering,JEE,AI to AI,AI,6822
78,4781 (93.2317240),627224610,Information Technology,JEE,AI to AI,AI,6272
79,4822 (93.1852151),614624610,Information Technology,JEE,AI to AI,AI,6146
80,4830 (93.1704155),319761210,Mechanical Engineering,JEE,AI to AI,AI,3197
81,4860 (93.1328005),627637220F,Electronics and Telecommunication,JEE,AI to AI,AI,6276
82,4873 (93.1210747),617724510,Computer Engineering,JEE,AI to AI,AI,6177
83,4895 (93.1003228),319729310,Electrical Engineering,JEE,AI to AI,AI,3197
84,4960 (92.9967442),321424610,Information Technology,JEE,AI to AI,AI,3214
85,5064 (92.8654920),317424610,Information Technology,JEE,AI to AI,AI,3174
86,5076 (92.8627934),320937210,Electronics and Telecommunication,JEE,AI to AI,AI,3209
87,5104 (92.8454127),617724520,Computer Engineering,JEE,AI to AI,AI,6177
88,5377 (92.4720865),411519110,Civil Engineering,JEE,AI to AI,AI,4115
89,5470 (92.3982521),628224510,Computer Engineering,JEE,AI to AI,AI,6282
90,5490 (92.3948115),617561210,Mechanical Engineering,JEE,AI to AI,AI,6175
91,5540 (92.3185169),628937210,Electronics and Telecommunication,JEE,AI to AI,AI,6289
92,5553 (92.3144860),313524510,Computer Engineering,JEE,AI to AI,AI,3135
93,5578 (92.2762461),430524210,Computer Science and Engineering,JEE,AI to AI,AI,4305
94,5618 (92.2363677),319960610,Production Engineering,JEE,AI to AI,AI,3199
95,5635 (92.2304941),318461210,Mechanical Engineering,JEE,AI to AI,AI,3184
96,5690 (92.1614555),411519120,Civil Engineering,JEE,AI to AI,AI,4115
97,5856 (91.8955919),313924610,Information Technology,JEE,AI to AI,AI,3139
98,5968 (91.7978018),321437210,Electronics and Telecommunication,JEE,AI to AI,AI,3214
99,5975 (91.7784713),628224520,Computer Engineering,JEE,AI to AI,AI,6282
100,6113 (91.6625226),411537610,Electronics Engineering,JEE,AI to AI,AI,4115
101,6255 (91.4940393),320937610,Electronics Engineering,JEE,AI to AI,AI,3209
102,6291 (91.4454028),313524610,Information Technology,JEE,AI to AI,AI,3135
103,6316 (91.4060525),628937220,Electronics and Telecommunication,JEE,AI to AI,AI,
104,6392 (91.3397624),320424610,Information Technology,JEE,AI to AI,AI,
105,6415 (91.2984734),416725110,Computer Technology,JEE,AI to AI,AI,4167
106,6595 (91.1045105),613924510,Computer Engineering,JEE,AI to AI,AI,6139
107,6612 (91.0618548),411537620,Electronics Engineering,JEE,AI to AI,AI,4115
108,6667 (90.9833224),317661210,Mechanical Engineering,JEE,AI to AI,AI,3176
109,6716 (90.9573508),617724610,Information Technology,JEE,AI to AI,AI,6177
110,6764 (90.8935359),319062410,Mechatronics Engineering,JEE,AI to AI,AI,3190
111,6767 (90.8904383),213424210,Computer Science and Engineering,JEE,MH to AI,LOBCH,2134
112,6786 (90.8258832),416724610,Information Technology,JEE,AI to AI,AI,4167
113,6884 (90.7085580),320124510,Computer Engineering,JEE,AI to AI,AI,3201
114,7000 (90.5563463),628224610,Information Technology,JEE,AI to AI,AI,6282
115,7036 (90.5079476),680224510,Computer Engineering,JEE,AI to AI,AI,6802
116,7039 (90.5079476),318537210,Electronics and Telecommunication,JEE,AI to AI,AI,3185
117,7092 (90.4241126),620724610,Information Technology,JEE,AI to AI,AI,6207
118,7118 (90.4012134),675437210,Electronics and Telecommunication,JEE,AI to AI,AI,6754
119,7157 (90.3601927),627661210F,Mechanical Engineering,JEE,AI to AI,AI,6276
120,7188 (90.3248357),679624510,Computer Engineering,JEE,AI to AI,AI,6796
121,7232 (90.2567621),317637610,Electronics Engineering,JEE,AI to AI,AI,3176
122,7300 (90.1744592),318324510,Computer Engineering,JEE,AI to AI,AI,3183
123,7309 (90.1676885),317637210,Electronics and Telecommunication,JEE,AI to AI,AI,3176
124,7364 (90.0857311),628961210,Mechanical Engineering,JEE,AI to AI,AI,6289
125,7406 (90.0686344),627437210,Electronics and Telecommunication,JEE,AI to AI,AI,6274
126,7426 (90.0548473),411699710,Artificial Intelligence,JEE,AI to AI,AI,4116
127,7441 (90.0435635),628961220,Mechanical Engineering,JEE,AI to AI,AI,6289
128,7450 (90.0435635),319424510,Computer Engineering,JEE,AI to AI,AI,3194
129,7484 (89.9729588),613924520,Computer Engineering,JEE,AI to AI,AI,6139
130,7485 (89.9729588),621456810,Computer Science and Information,JEE,AI to AI,AI,6214
131,7553 (89.8782344),347519110,Civil Engineering,JEE,AI to AI,AI,3475
132,7572 (89.8215572),627261210,Mechanical Engineering,JEE,AI to AI,AI,6272
133,7595 (89.8100000),319024610,Information Technology,JEE,AI to AI,AI,
134,7742 (89.6752917),617519110,Civil Engineering,JEE,AI to AI,AI,
135,7767 (89.5825668),318924510,Computer Engineering,JEE,AI to AI,AI,
136,7918 (89.4266301),620724510,Computer Engineering,JEE,AI to AI,AI,
137,7950 (89.3946824),628124510,Computer Engineering,JEE,AI to AI,AI,
138,7973 (89.3728383),411535410,Electronics Design Technology,JEE,AI to AI,AI,
139,7980 (89.3667132),678161210,Mechanical Engineering,JEE,MH to AI,GNT2H,
140,7991 (89.3538894),111424210,Computer Science and Engineering,JEE,AI to AI,AI,
141,8032 (89.3035739),627461210,Mechanical Engineering,JEE,AI to AI,AI,
142,8059 (89.2617327),320724510,Computer Engineering,JEE,AI to AI,AI,
143,8061 (89.2617327),512124510,Computer Engineering,JEE,AI to AI,AI,
144,8070 (89.2530423),314824510,Computer Engineering,JEE,AI to AI,AI,
145,8107 (89.2102295),411624210,Computer Science and Engineering,JEE,AI to AI,AI,
146,8387 (88.9145335),627646610F,Instrumentation Engineering,JEE,AI to AI,AI,
147,8404 (88.9086194),411558910,Industrial Engineering,JEE,AI to AI,AI,
148,8441 (88.8326969),319024510,Computer Engineering,JEE,AI to AI,AI,
149,8540 (88.7207095),628124520,Computer Engineering,JEE,AI to AI,AI,
150,8546 (88.7207095),320324510,Computer Engineering,JEE,AI to AI,AI,
151,8608 (88.6122032),620724520,Computer Engineering,JEE,AI to AI,AI,
152,8633 (88.5866701),613924610,Information Technology,JEE,AI to AI,AI,
153,8649 (88.5832364),412325110,Computer Technology,JEE,AI to AI,AI,
154,8699 (88.4998736),613924620,Information Technology,JEE,AI to AI,AI,
155,8870 (88.2601547),319737210,Electronics and Telecommunication,JEE,AI to AI,AI,
156,8987 (88.0911582),541137210,Electronics and Telecommunication,JEE,MH to AI,GOPENO,
157,9070 (88.0200350),417424510,Computer Engineering,JEE,AI to AI,AI,
158,9080 (87.9867411),614637210,Electronics and Telecommunication,JEE,AI to AI,AI,
159,9103 (87.9608441),621424510,Computer Engineering,JEE,AI to AI,AI,
160,9124 (87.8944038),627237210,Electronics and Telecommunication,JEE,AI to AI,AI,
161,9194 (87.8161603),313561210,Mechanical Engineering,JEE,AI to AI,AI,
162,9290 (87.7647624),615624510,Computer Engineering,JEE,AI to AI,AI,
163,9318 (87.6956885),516024510,Computer Engineering,JEE,AI to AI,AI,
164,9326 (87.6956885),627837210,Electronics and Telecommunication,JEE,AI to AI,AI,
165,9400 (87.5904316),615624610,Information Technology,JEE,AI to AI,AI,
166,9583 (87.3762144),627346410,Instrumentation and Control ,JEE,AI to AI,AI,
167,9604 (87.3686396),317437210,Electronics and Telecommunication,JEE,AI to AI,AI,
168,9625 (87.3304786),617824520,Computer Engineering,JEE,AI to AI,AI,
169,9712 (87.2130147),682237210,Electronics and Telecommunication,JEE,AI to AI,AI,
170,9819 (87.0872834),512124610,Information Technology,JEE,AI to AI,AI,
171,9829 (87.0872834),110124210,Computer Science and Engineering,JEE,AI to AI,AI,
172,9864 (87.0281960),673224510,Computer Engineering,JEE,AI to AI,AI,
173,9915 (86.9521982),320161210,Mechanical Engineering,JEE,AI to AI,AI,
174,10026 (86.8644216),430519110,Civil Engineering,JEE,AI to AI,AI,
175,10122 (86.7444807),682261210,Mechanical Engineering,JEE,AI to AI,AI,
176,10265 (86.5644406),318537610,Electronics Engineering,JEE,AI to AI,AI,
177,10326 (86.4674574),320324610,Information Technology,JEE,AI to AI,AI,
178,10333 (86.4674574),628919110,Civil Engineering,JEE,AI to AI,AI,
179,10367 (86.4183531),626524210,Computer Science and Engineering,JEE,AI to AI,AI,
180,10400 (86.3720917),411624610,Information Technology,JEE,AI to AI,AI,
181,10475 (86.3308155),343924510,Computer Engineering,JEE,AI to AI,AI,
182,10548 (86.2280562),320724610,Information Technology,JEE,AI to AI,AI,
183,10577 (86.1702686),319424610,Information Technology,JEE,AI to AI,AI,
184,10645 (86.1068879),416737210,Electronics and Telecommunication,JEE,AI to AI,AI,
185,10799 (85.9169181),319024520,Computer Engineering,JEE,AI to AI,AI,
186,10835 (85.8647440),628524510F,Computer Engineering,JEE,AI to AI,AI,
187,10959 (85.7187973),627261220,Mechanical Engineering,JEE,AI to AI,AI,
188,10967 (85.6956558),617824510,Computer Engineering,JEE,AI to AI,AI,
189,11057 (85.5480515),313937210,Electronics and Telecommunication,JEE,AI to AI,AI,
190,11090 (85.5070605),622224210,Computer Science and Engineering,JEE,AI to AI,AI,
191,11147 (85.4710021),627861210,Mechanical Engineering,JEE,AI to AI,AI,
192,11173 (85.4067139),318324610,Information Technology,JEE,AI to AI,AI,
193,11182 (85.4067139),314824610,Information Technology,JEE,AI to AI,AI,
194,11335 (85.2844683),319624510,Computer Engineering,JEE,AI to AI,AI,
195,11343 (85.2760792),616024510,Computer Engineering,JEE,AI to AI,AI,
196,11371 (85.2518932),626724210,Computer Science and Engineering,JEE,AI to AI,AI,
197,11402 (85.1796930),411637210,Electronics and Telecommunication,JEE,AI to AI,AI,
198,11459 (85.0783326),318724510,Computer Engineering,JEE,AI to AI,AI,
199,11651 (84.8761340),416737610,Electronics Engineering,JEE,AI to AI,AI,
200,11752 (84.7838648),615524510,Computer Engineering,JEE,AI to AI,AI,
201,11838 (84.6887824),612224510,Computer Engineering,JEE,AI to AI,AI,
202,11893 (84.6607912),318924610,Information Technology,JEE,AI to AI,AI,
203,11933 (84.5603675),617624510,Computer Engineering,JEE,AI to AI,AI,
204,11999 (84.4757263),614137210,Electronics and Telecommunication,JEE,AI to AI,AI,
205,12032 (84.4629004),617824610,Information Technology,JEE,AI to AI,AI,
206,12054 (84.3981158),110124610,Information Technology,JEE,AI to AI,AI,
207,12057 (84.3981158),416719110,Civil Engineering,JEE,AI to AI,AI,
208,12153 (84.3292557),417424610,Information Technology,JEE,AI to AI,AI,
209,12181 (84.3036621),627829310,Electrical Engineering,JEE,AI to AI,AI,
210,12188 (84.3036621),318950710,Chemical Engineering,JEE,AI to AI,AI,
211,12218 (84.2340472),225024210,Computer Science and Engineering,JEE,MH to AI,LSEBCH,
212,12263 (84.1743309),614650710,Chemical Engineering,JEE,AI to AI,AI,
213,12429 (83.9847456),675524510,Computer Engineering,JEE,AI to AI,AI,
214,12462 (83.9686399),510824510,Computer Engineering,JEE,AI to AI,AI,
215,12556 (83.8535425),680237210,Electronics and Telecommunication,JEE,AI to AI,AI,
216,12588 (83.8185759),679637210,Electronics and Telecommunication,JEE,AI to AI,AI,
217,12644 (83.7846264),212724210,Computer Science and Engineering,JEE,AI to AI,AI,
218,12665 (83.7592407),321024510,Computer Engineering,JEE,AI to AI,AI,
219,12691 (83.7342987),213250710,Chemical Engineering,JEE,AI to AI,AI,
220,12694 (83.7204277),618224510,Computer Engineering,JEE,AI to AI,AI,
221,12782 (83.6034503),318246110,Bio Medical Engineering,JEE,AI to AI,AI,
222,12783 (83.6034503),110524210,Computer Science and Engineering,JEE,AI to AI,AI,
223,12791 (83.6034503),631024510,Computer Engineering,JEE,AI to AI,AI,
224,12939 (83.3941033),320461210,Mechanical Engineering,JEE,AI to AI,AI,
225,13030 (83.3394657),211361210,Mechanical Engineering,JEE,MH to AI,GNT1H,
226,13044 (83.3316377),517224510,Computer Engineering,JEE,AI to AI,AI,
227,13057 (83.3071048),614661210,Mechanical Engineering,JEE,AI to AI,AI,
228,13096 (83.1939980),627358910,Industrial Engineering,JEE,AI to AI,AI,
229,13107 (83.1608381),614619110,Civil Engineering,JEE,AI to AI,AI,
230,13160 (83.1115997),512129310,Electrical Engineering,JEE,AI to AI,AI,
231,13176 (83.1115997),320437210,Electronics and Telecommunication,JEE,AI to AI,AI,
232,13183 (83.1115997),628324210,Computer Science and Engineering,JEE,AI to AI,AI,
233,13210 (83.1099488),618724610,Information Technology,JEE,AI to AI,AI,
234,13286 (83.0635031),614524510,Computer Engineering,JEE,AI to AI,AI,
235,13319 (83.0572671),111650710,Chemical Engineering,JEE,MH to AI,LSTH,
236,13398 (82.9283858),516224510,Computer Engineering,JEE,AI to AI,AI,
237,13425 (82.9023871),618224520,Computer Engineering,JEE,AI to AI,AI,
238,13540 (82.7804409),617737210,Electronics and Telecommunication,JEE,AI to AI,AI,
239,13547 (82.7775962),317619110,Civil Engineering,JEE,AI to AI,AI,
240,13554 (82.7775962),321824610,Information Technology,JEE,AI to AI,AI,
241,13581 (82.7695609),319350710,Chemical Engineering,JEE,MH to AI,LNT2H,
242,13587 (82.7695609),318824510,Computer Engineering,JEE,AI to AI,AI,
243,13734 (82.6053591),516419110,Civil Engineering,JEE,MH to AI,LOPENH,
244,13759 (82.5677018),628237210,Electronics and Telecommunication,JEE,AI to AI,AI,
245,13784 (82.4659805),318724610,Information Technology,JEE,AI to AI,AI,
246,13825 (82.3973200),213224610,Information Technology,JEE,AI to AI,AI,
247,13932 (82.3558112),317437220,Electronics and Telecommunication,JEE,AI to AI,AI,
248,13954 (82.3309070),631024610,Information Technology,JEE,AI to AI,AI,
249,14079 (82.1712414),617624610,Information Technology,JEE,AI to AI,AI,
250,14087 (82.1712414),512137210,Electronics and Telecommunication,JEE,AI to AI,AI,
251,14124 (82.1074669),416761210,Mechanical Engineering,JEE,AI to AI,AI,
252,14188 (82.0455658),662029310,Electrical Engineering,JEE,MH to AI,GNT1H,
253,14200 (82.0022261),628524610F,Information Technology,JEE,AI to AI,AI,
254,14224 (82.0022261),627219110,Civil Engineering,JEE,AI to AI,AI,
255,14252 (81.9822613),319461220,Mechanical Engineering,JEE,AI to AI,AI,
256,14308 (81.8915844),627219120,Civil Engineering,JEE,AI to AI,AI,
257,14311 (81.8915844),613961210,Mechanical Engineering,JEE,AI to AI,AI,
258,14348 (81.8846400),628237220,Electronics and Telecommunication,JEE,AI to AI,AI,
259,14352 (81.7935868),627850710,Chemical Engineering,JEE,AI to AI,AI,
260,14403 (81.7554640),620319110,Civil Engineering,JEE,MH to AI,GNT2H,
261,14489 (81.7387047),317524610,Information Technology,JEE,AI to AI,AI,
262,14551 (81.7224220),682219110,Civil Engineering,JEE,AI to AI,AI,
263,14579 (81.6293688),313537210,Electronics and Telecommunication,JEE,AI to AI,AI,
264,14710 (81.4476374),614637610,Electronics Engineering,JEE,AI to AI,AI,
265,14758 (81.3809211),413724210,Computer Science and Engineering,JEE,AI to AI,AI,
266,14835 (81.3320931),516224610,Information Technology,JEE,AI to AI,AI,
267,14893 (81.2892739),110524220,Computer Science and Engineering,JEE,AI to AI,AI,
268,14924 (81.2508742),314624510,Computer Engineering,JEE,AI to AI,AI,
269,15012 (81.0768681),617737220,Electronics and Telecommunication,JEE,AI to AI,AI,
270,15139 (80.9630147),411637610,Electronics Engineering,JEE,AI to AI,AI,
271,15170 (80.9594190),628424510,Computer Engineering,JEE,AI to AI,AI,
272,15180 (80.9594190),626737210,Electronics and Telecommunication,JEE,AI to AI,AI,
273,15357 (80.8059455),613937210,Electronics and Telecommunication,JEE,AI to AI,AI,
274,15369 (80.7502053),464924510,Computer Engineering,JEE,AI to AI,AI,
275,15405 (80.7265899),320337210,Electronics and Telecommunication,JEE,AI to AI,AI,
276,15445 (80.7265899),318824610,Information Technology,JEE,AI to AI,AI,
277,15482 (80.5784932),414224210,Computer Science and Engineering,JEE,AI to AI,AI,
278,15499 (80.5784932),417437210,Electronics and Telecommunication,JEE,AI to AI,AI,
279,15501 (80.5784932),621429310,Electrical Engineering,JEE,AI to AI,AI,
280,15763 (80.4220697),680261210,Mechanical Engineering,JEE,AI to AI,AI,
281,15782 (80.4220697),679661210,Mechanical Engineering,JEE,MH to AI,LOPENO,
282,15830 (80.2769618),417824610,Information Technology,JEE,MH to AI,LSTO,
283,15911 (80.1274172),346024510,Computer Engineering,JEE,AI to AI,AI,
284,16025 (80.0774620),677224510,Computer Engineering,JEE,AI to AI,AI,
285,16072 (80.0458500),628137210,Electronics and Telecommunication,JEE,AI to AI,AI,
286,16090 (79.9543749),513924610,Information Technology,JEE,AI to AI,AI,
287,16121 (79.9193943),680261220,Mechanical Engineering,JEE,AI to AI,AI,
288,16155 (79.8738274),630724510,Computer Engineering,JEE,AI to AI,AI,
289,16178 (79.8253803),621437210,Electronics and Telecommunication,JEE,AI to AI,AI,
290,16215 (79.7749477),512150710,Chemical Engineering,JEE,AI to AI,AI,
291,16257 (79.7097696),321024610,Information Technology,JEE,AI to AI,AI,
292,16400 (79.5963798),512161210,Mechanical Engineering,JEE,AI to AI,AI,
293,16413 (79.5963798),111461210,Mechanical Engineering,JEE,AI to AI,AI,
294,16416 (79.5963798),516261210,Mechanical Engineering,JEE,AI to AI,AI,
295,16439 (79.5963798),617924510,Computer Engineering,JEE,AI to AI,AI,
296,16472 (79.4843256),416324210,Computer Science and Engineering,JEE,MH to AI,GVJH,
297,16509 (79.3834802),679661210,Mechanical Engineering,JEE,MH to AI,LSEBCH,
298,16540 (79.3666149),626729310,Electrical Engineering,JEE,AI to AI,AI,
299,16685 (79.2914987),664924510,Computer Engineering,JEE,AI to AI,AI,
300,16741 (79.2829359),615637210,Electronics and Telecommunication,JEE,AI to AI,AI,
301,16803 (79.2232776),618724520,Computer Engineering,JEE,AI to AI,AI,
302,16811 (79.2137792),632324510,Computer Engineering,JEE,AI to AI,AI,
303,16844 (79.2137792),680250710,Chemical Engineering,JEE,AI to AI,AI,
304,16846 (79.2137792),213219110,Civil Engineering,JEE,AI to AI,AI,
305,16901 (79.1887831),416324210,Computer Science and Engineering,JEE,MH to AI,GSEBCH,
306,16948 (78.9839208),621419110,Civil Engineering,JEE,AI to AI,AI,
307,16959 (78.9839208),513924510,Computer Engineering,JEE,AI to AI,AI,
308,16967 (78.9839208),628229310,Electrical Engineering,JEE,AI to AI,AI,
309,17079 (78.8651431),512119110,Civil Engineering,JEE,AI to AI,AI,
310,17128 (78.7921705),313937610,Electronics Engineering,JEE,AI to AI,AI,
311,17133 (78.7802227),676924510,Computer Engineering,JEE,AI to AI,AI,
312,17253 (78.7114333),512119120,Civil Engineering,JEE,AI to AI,AI,
313,17270 (78.7114333),512161220,Mechanical Engineering,JEE,AI to AI,AI,
314,17350 (78.6694102),628300210,Aeronautical Engineering,JEE,AI to AI,AI,
315,17389 (78.5300278),315424510,Computer Engineering,JEE,AI to AI,AI,
316,17523 (78.3565946),618724510,Computer Engineering,JEE,AI to AI,AI,
317,17533 (78.3565946),516219110,Civil Engineering,JEE,AI to AI,AI,
318,17636 (78.2901187),614119110,Civil Engineering,JEE,AI to AI,AI,
319,17668 (78.2563292),621461210,Mechanical Engineering,JEE,AI to AI,AI,
320,17689 (78.2288161),319224510,Computer Engineering,JEE,AI to AI,AI,
321,17691 (78.2288161),677224610,Information Technology,JEE,AI to AI,AI,
322,17731 (78.2174869),618737210,Electronics and Telecommunication,JEE,MH to AI,GNT1H,
323,17782 (78.1624291),510824610,Information Technology,JEE,AI to AI,AI,
324,17813 (78.0711815),614524610,Information Technology,JEE,AI to AI,AI,
325,17814 (78.0711815),317524510,Computer Engineering,JEE,AI to AI,AI,
326,17829 (78.0604059),615524610,Information Technology,JEE,AI to AI,AI,
327,17960 (77.8457909),314624610,Information Technology,JEE,AI to AI,AI,
328,18069 (77.7653702),660924510,Computer Engineering,JEE,AI to AI,AI,
329,18109 (77.7630738),110137210,Electronics and Telecommunication,JEE,AI to AI,AI,
330,18276 (77.5871477),510319110,Civil Engineering,JEE,AI to AI,AI,
331,18312 (77.5847024),662224510,Computer Engineering,JEE,AI to AI,AI,
332,18317 (77.5847024),620737210,Electronics and Telecommunication,JEE,AI to AI,AI,
333,18378 (77.4781073),322224510,Computer Engineering,JEE,MH to AI,GOPENO,
334,18499 (77.3515747),320737210,Electronics and Telecommunication,JEE,AI to AI,AI,
335,18623 (77.1970440),515224210,Computer Science and Engineering,JEE,AI to AI,AI,
336,18659 (77.1970440),620624510,Computer Engineering,JEE,AI to AI,AI,
337,18663 (77.1970440),417229310,Electrical Engineering,JEE,MH to AI,LOPENO,
338,18715 (76.9206711),620729310,Electrical Engineering,JEE,AI to AI,AI,
339,18780 (76.8876483),617629310,Electrical Engineering,JEE,MH to AI,LOPENO,
340,18781 (76.8876483),516037210,Electronics and Telecommunication,JEE,AI to AI,AI,
341,18798 (76.8876483),614561210,Mechanical Engineering,JEE,AI to AI,AI,
342,18810 (76.8692335),516229310,Electrical Engineering,JEE,AI to AI,AI,
343,18816 (76.8692335),510837210,Electronics and Telecommunication,JEE,AI to AI,AI,
344,18934 (76.8093749),617750710,Chemical Engineering,JEE,AI to AI,AI,
345,18938 (76.7917634),321224510,Computer Engineering,JEE,AI to AI,AI,
346,19014 (76.7607424),620624610,Information Technology,JEE,AI to AI,AI,
347,19038 (76.7536735),515124510,Computer Engineering,JEE,AI to AI,AI,
348,19041 (76.7536735),614161210,Mechanical Engineering,JEE,AI to AI,AI,
349,19049 (76.7404490),518124510,Computer Engineering,JEE,AI to AI,AI,
350,19058 (76.7404490),617760610,Production Engineering,JEE,AI to AI,AI,
351,19089 (76.6304807),626719110,Civil Engineering,JEE,AI to AI,AI,
352,19143 (76.5372965),344524510,Computer Engineering,JEE,MH to AI,GNT3H,
353,19154 (76.5372965),319361210,Mechanical Engineering,JEE,MH to AI,GNT1H,
354,19155 (76.5372965),622288610,Man Made Textile Technology,JEE,AI to AI,AI,
355,19285 (76.3616539),626850710,Chemical Engineering,JEE,AI to AI,AI,
356,19356 (76.2553619),630761210,Mechanical Engineering,JEE,AI to AI,AI,
357,19362 (76.2138214),631124610,Information Technology,JEE,AI to AI,AI,
358,19433 (76.1877781),629824510,Computer Engineering,JEE,AI to AI,AI,
359,19511 (76.1143255),632324610,Information Technology,JEE,AI to AI,AI,
360,19571 (76.0137989),315424610,Information Technology,JEE,AI to AI,AI,
361,19584 (76.0137989),628424610,Information Technology,JEE,AI to AI,AI,
362,19613 (75.9795601),613961220,Mechanical Engineering,JEE,AI to AI,AI,
363,19677 (75.9795601),512129320,Electrical Engineering,JEE,AI to AI,AI,
364,19688 (75.9750650),516061210,Mechanical Engineering,JEE,AI to AI,AI,
365,19732 (75.8260642),211424210,Computer Science and Engineering,JEE,AI to AI,AI,
366,19791 (75.7488364),627819110,Civil Engineering,JEE,AI to AI,AI,
367,19800 (75.7488364),626761210,Mechanical Engineering,JEE,AI to AI,AI,
368,19802 (75.6825373),347124510,Computer Engineering,JEE,AI to AI,AI,
369,19873 (75.6825373),680219110,Civil Engineering,JEE,AI to AI,AI,
370,19931 (75.6364165),516161210,Mechanical Engineering,JEE,AI to AI,AI,
371,19996 (75.6093131),618224610,Information Technology,JEE,AI to AI,AI,
372,20027 (75.6093131),110135610,Electrical Engg[Electronics and Power],JEE,AI to AI,AI,
373,20045 (75.5986035),320061210,Mechanical Engineering,JEE,MH to AI,GSCO,
374,20050 (75.5986035),321924510,Computer Engineering,JEE,AI to AI,AI,
375,20069 (75.5688972),318337210,Electronics and Telecommunication,JEE,AI to AI,AI,
376,20201 (75.4742933),676819110,Civil Engineering,JEE,AI to AI,AI,
377,20213 (75.4742933),110161210,Mechanical Engineering,JEE,AI to AI,AI,
378,20238 (75.4537134),662024510,Computer Engineering,JEE,AI to AI,AI,
379,20255 (75.4537134),620324510,Computer Engineering,JEE,AI to AI,AI,
380,20273 (75.3498395),678124210,Computer Science and Engineering,JEE,MH to AI,GNT3H,
381,20343 (75.2773901),627724510,Computer Engineering,JEE,AI to AI,AI,
382,20350 (75.2773901),618424510,Computer Engineering,JEE,AI to AI,AI,
383,20362 (75.2773901),510450710,Chemical Engineering,JEE,AI to AI,AI,
384,20451 (75.0427495),613929310,Electrical Engineering,JEE,AI to AI,AI,
385,20529 (75.0370156),414237210,Electronics and Telecommunication,JEE,MH to AI,GOPENO,
386,20602 (74.9972764),631529310,Electrical Engineering,JEE,MH to AI,GNT2H,
387,20619 (74.9972764),630724610,Information Technology,JEE,AI to AI,AI,
388,20632 (74.9288373),417124210,Computer Science and Engineering,JEE,AI to AI,AI,
389,20643 (74.9288373),417124210,Computer Science and Engineering,JEE,AI to AI,AI,
390,20830 (74.6199452),629824520,Computer Engineering,JEE,AI to AI,AI,
391,20938 (74.5371978),342337610,Electronics Engineering,JEE,MH to AI,GOPENO,
392,20989 (74.5175414),211324210,Computer Science and Engineering,JEE,AI to AI,AI,
393,20991 (74.5175414),320624510,Computer Engineering,JEE,AI to AI,AI,
394,21040 (74.4545277),678724510,Computer Engineering,JEE,AI to AI,AI,
395,21064 (74.4545277),414424210,Computer Science and Engineering,JEE,MH to AI,GNT3H,
396,21091 (74.4545277),413624210,Computer Science and Engineering,JEE,AI to AI,AI,
397,21125 (74.4152047),620637210,Electronics and Telecommunication,JEE,MH to AI,GNT1H,
398,21148 (74.4152047),411661210,Mechanical Engineering,JEE,AI to AI,AI,
399,21187 (74.3809331),317519110,Civil Engineering,JEE,AI to AI,AI,
400,21272 (74.3166557),412324610,Information Technology,JEE,AI to AI,AI,
401,21332 (74.2420371),612237210,Electronics and Telecommunication,JEE,MH to AI,GSEBCH,
402,21391 (74.0596184),617637210,Electronics and Telecommunication,JEE,AI to AI,AI,
403,21454 (74.0565527),318761210,Mechanical Engineering,JEE,AI to AI,AI,
404,21523 (73.9907537),318719110,Civil Engineering,JEE,AI to AI,AI,
405,21593 (73.7385861),676824510,Computer Engineering,JEE,MH to AI,GNT2H,
406,21628 (73.7285393),253324210,Computer Science and Engineering,JEE,AI to AI,AI,
407,21732 (73.6808657),617719110,Civil Engineering,JEE,AI to AI,AI,
408,21825 (73.5816691),319324510,Computer Engineering,JEE,AI to AI,AI,
409,22093 (73.1618021),533161210,Mechanical Engineering,JEE,MH to AI,GNT1H,
410,22096 (73.1618021),417819110,Civil Engineering,JEE,MH to AI,GNT1H,
411,22310 (73.0272885),631124510,Computer Engineering,JEE,AI to AI,AI,
412,22325 (73.0272885),417419110,Civil Engineering,JEE,AI to AI,AI,
413,22363 (72.9983213),414524210,Computer Science and Engineering,JEE,MH to AI,GNT2H,
414,22406 (72.9983213),417724210,Computer Science and Engineering,JEE,AI to AI,AI,
415,22491 (72.9062809),417108210,Bio Technology,JEE,AI to AI,AI,
416,22506 (72.9062809),318750710,Chemical Engineering,JEE,AI to AI,AI,
417,22560 (72.7435655),618524510,Computer Engineering,JEE,AI to AI,AI,
418,22738 (72.4730819),677024610,Information Technology,JEE,AI to AI,AI,
419,22814 (72.4426198),411619110,Civil Engineering,JEE,AI to AI,AI,
420,22840 (72.4426198),318460610,Production Engineering,JEE,AI to AI,AI,
421,22893 (72.4194579),620719110,Civil Engineering,JEE,AI to AI,AI,
422,22961 (72.2310351),346761210,Mechanical Engineering,JEE,MH to AI,GNT1H,
423,23047 (72.1455446),673237210,Electronics and Telecommunication,JEE,MH to AI,LOBCH,
424,23080 (72.1379972),110537210,Electronics and Telecommunication,JEE,AI to AI,AI,
425,23084 (72.1379972),675519110,Civil Engineering,JEE,MH to AI,GNT1H,
426,23183 (71.9048099),627524510,Computer Engineering,JEE,AI to AI,AI,
427,23202 (71.9048099),318737610,Electronics Engineering,JEE,AI to AI,AI,
428,23204 (71.9048099),212719110,Civil Engineering,JEE,AI to AI,AI,
429,23232 (71.9007664),612261210,Mechanical Engineering,JEE,AI to AI,AI,
430,23357 (71.8174978),346719110,Civil Engineering,JEE,MH to AI,GNT1H,
431,23366 (71.8174978),617761210,Mechanical Engineering,JEE,AI to AI,AI,
432,23432 (71.7289465),518237210,,JEE,MH to AI,LOBCH,
433,23524 (71.7060984),413924210,Computer Science and Engineering,JEE,AI to AI,AI,
434,23534 (71.6728604),213229310,Electrical Engineering,JEE,AI to AI,AI,
435,23542 (71.6728604),613929320,Electrical Engineering,JEE,AI to AI,AI,
436,23697 (71.4515003),664024210,Computer Science and Engineering,JEE,AI to AI,AI,
437,23712 (71.4515003),110524610,Information Technology,JEE,AI to AI,AI,
438,23778 (71.4461245),342361210,Mechanical Engineering,JEE,MH to AI,LOPENO,
439,23881 (71.2612941),251624210,Computer Science and Engineering,JEE,MH to AI,GNT1H,
440,23940 (71.2262999),544924610,Information Technology,JEE,AI to AI,AI,
441,23998 (71.2048888),618524520,Computer Engineering,JEE,AI to AI,AI,
442,24005.1 (71.1770368),628437210,Electronics and Telecommunication,JEE,AI to AI,AI,
443,24083 (71.1524350),510924510,Computer Engineering,JEE,AI to AI,AI,
444,24191 (70.8863847),111424610,Information Technology,JEE,AI to AI,AI,
445,24328 (70.7278538),313946110,Bio Medical Engineering,JEE,AI to AI,AI,
446,24330 (70.7278538),673219110,Civil Engineering,JEE,MH to AI,LOBCH,
447,24526 (70.5733130),627862510,Mechanical Engineering[Sandwich],JEE,AI to AI,AI,
448,24565 (70.5733130),620761220,Mechanical Engineering,JEE,AI to AI,AI,
449,24695 (70.4622930),615661220,Mechanical Engineering,JEE,AI to AI,AI,
450,24698 (70.4622930),319637210,Electronics and Telecommunication,JEE,AI to AI,AI,
451,24738 (70.4622930),212924210,Computer Science and Engineering,JEE,AI to AI,AI,
452,24801 (70.4569395),621461610,Mechanical Engineering Automobile,JEE,AI to AI,AI,
453,24817 (70.4569395),612219110,Civil Engineering,JEE,MH to AI,GNT1H,
454,24848 (70.3066514),110561210,Mechanical Engineering,JEE,MH to AI,LOBCH,
455,24860 (70.3066514),212961210,Mechanical Engineering,JEE,MH to AI,GOBCH,
456,24879 (70.3066514),629824610,Information Technology,JEE,AI to AI,AI,
457,25076 (70.1302524),617719120,Civil Engineering,JEE,AI to AI,AI,
458,25284 (69.5423692),413737210,Electronics and Telecommunication,JEE,AI to AI,AI,
459,25376 (69.5411946),617761220,Mechanical Engineering,JEE,AI to AI,AI,
460,25521 (69.5072406),626924210,Computer Science and Engineering,JEE,AI to AI,AI,
461,25574 (69.4724101),533124510,Computer Engineering,JEE,AI to AI,AI,
462,25598 (69.3848277),516029310,Electrical Engineering,JEE,AI to AI,AI,
463,25747 (69.3382515),516237210,Electronics and Telecommunication,JEE,AI to AI,AI,
464,25821 (69.2399387),615629310,Electrical Engineering,JEE,AI to AI,AI,
465,25884 (69.1997544),212724610,Information Technology,JEE,AI to AI,AI,
466,26094 (68.7860375),628437210,Electronics and Telecommunication,JEE,MH to AI,LNT3H,
467,26151 (68.7531930),631137210,Electronics and Telecommunication,JEE,MH to AI,LSCH,
468,26284 (68.4959387),322124510,Computer Engineering,JEE,AI to AI,AI,
469,26285 (68.4959387),660924510,Computer Engineering,JEE,MH to AI,GSTH,
470,26328 (68.4959387),319324610,Information Technology,JEE,AI to AI,AI,
471,26361 (68.4695850),618524610,Information Technology,JEE,AI to AI,AI,
472,26380 (68.4199434),679424510,Computer Engineering,JEE,AI to AI,AI,
473,26451 (68.3734194),616037210,Electronics and Telecommunication,JEE,MH to AI,LOBCH,
474,26633 (68.2368278),430424510F,Computer Engineering,JEE,AI to AI,AI,
475,26822 (67.9566680),515124610,Information Technology,JEE,AI to AI,AI,
476,26856 (67.9566680),625024210,Computer Science and Engineering,JEE,AI to AI,AI,
477,26869 (67.8650543),344724510,Computer Engineering,JEE,MH to AI,GNT1H,
478,27104 (67.5175430),679661210,Mechanical Engineering,JEE,MH to AI,GSEBCH,
479,27126 (67.4995644),617661210,Mechanical Engineering,JEE,MH to AI,LOPENH,
480,27256 (67.4506157),625019110,Civil Engineering,JEE,AI to AI,AI,
481,27520 (67.1556729),627024510,Computer Engineering,JEE,AI to AI,AI,
482,27545 (67.1556729),676924610,Information Technology,JEE,AI to AI,AI,
483,27836 (66.7925680),615661210,Mechanical Engineering,JEE,AI to AI,AI,
484,27877 (66.7925680),632461210,Mechanical Engineering,JEE,MH to AI,GNT1H,
485,27896 (66.7925680),322324510,Computer Engineering,JEE,AI to AI,AI,
486,27911 (66.7631260),673261210,Mechanical Engineering,JEE,MH to AI,GNT1H,
487,28017 (66.6529054),622237210,Electronics and Telecommunication,JEE,AI to AI,AI,
488,28070 (66.6238756),517219110,Civil Engineering,JEE,AI to AI,AI,
489,28326 (66.4691294),414724210,Computer Science and Engineering,JEE,AI to AI,AI,
490,28458 (66.0956168),679661210,Mechanical Engineering,JEE,MH to AI,GVJH,
491,28512 (66.0909923),662024610,Information Technology,JEE,AI to AI,AI,
492,28688 (65.8501189),347724510,Computer Engineering,JEE,AI to AI,AI,
493,28696 (65.8501189),510419110,Civil Engineering,JEE,MH to AI,LNT3H,
494,28720 (65.8501189),112124210,Computer Science and Engineering,JEE,MH to AI,GNT1H,
495,28764 (65.8501189),622289010,Textile Chemistry,JEE,AI to AI,AI,
496,28950 (65.6619512),517324510,Computer Engineering,JEE,AI to AI,AI,
497,29028 (65.6619512),516124610,Information Technology,JEE,AI to AI,AI,
498,29093 (65.5991604),110724210,Computer Science and Engineering,JEE,AI to AI,AI,
499,29098 (65.5991604),319661210,Mechanical Engineering,JEE,MH to AI,GOPENO,
500,29102 (65.5991604),676824510,Computer Engineering,JEE,MH to AI,GSTH,
501,29109 (65.5991604),510924610,Information Technology,JEE,AI to AI,AI,
502,29168 (65.4842729),620761210,Mechanical Engineering,JEE,AI to AI,AI,
503,29254 (65.3800283),411629310,Electrical Engineering,JEE,AI to AI,AI,
504,29378 (65.2122599),628161210,Mechanical Engineering,JEE,AI to AI,AI,
505,29428 (65.1669126),616061210,Mechanical Engineering,JEE,AI to AI,AI,
506,29704 (64.8124487),418870110,Mining Engineering,JEE,MH to AI,GNT1H,
507,29799 (64.3161928),412319110,Civil Engineering,JEE,AI to AI,AI,
508,29800 (64.3161928),626537210,Electronics and Telecommunication,JEE,AI to AI,AI,
509,29849 (64.3161928),626824210,Computer Science and Engineering,JEE,AI to AI,AI,
510,30077 (64.0886637),114824210,Computer Science and Engineering,JEE,AI to AI,AI,
511,30224 (64.0398484),111650710,Chemical Engineering,JEE,MH to AI,GNT2H,
512,30337 (63.9271698),612219110,Civil Engineering,JEE,MH to AI,LOBCH,
513,30443 (63.8803737),212624210,Computer Science and Engineering,JEE,AI to AI,AI,
514,30491 (63.8628736),320024610,Information Technology,JEE,AI to AI,AI,
515,30558 (63.5905962),213237210,Electronics and Telecommunication,JEE,AI to AI,AI,
516,30636 (63.5316128),303537610F,Electronics Engineering,JEE,MH to AI,LOPENO,
517,30666 (63.3829415),414761210,Mechanical Engineering,JEE,AI to AI,AI,
518,30690 (63.3405351),416324210,Computer Science and Engineering,JEE,MH to AI,GNT2O,
519,30722 (63.3405351),342319110,Civil Engineering,JEE,MH to AI,GOPENH,
520,30730 (63.3405351),317437610,Electronics Engineering,JEE,AI to AI,AI,
521,30753 (63.3405351),112824210,Computer Science and Engineering,JEE,AI to AI,AI,
522,30755 (63.3405351),213261210,Mechanical Engineering,JEE,AI to AI,AI,
523,30771 (63.3188742),628419110,Civil Engineering,JEE,AI to AI,AI,
524,30893 (63.2441663),663224510,Computer Engineering,JEE,AI to AI,AI,
525,31176 (62.8260946),622229310,Electrical Engineering,JEE,AI to AI,AI,
526,31194 (62.8260946),612219110,Civil Engineering,JEE,MH to AI,GNT2H,
527,31318 (62.5004539),626519110,Civil Engineering,JEE,AI to AI,AI,
528,31328 (62.5004539),602851510,Chemical Technology,JEE,MH to AI,GNT2H,
529,31467 (62.3830848),342361210,Mechanical Engineering,JEE,MH to AI,GOPENO,
530,31514 (62.3606885),677024610,Information Technology,JEE,MH to AI,LSCH,
531,31678 (62.2318540),322224510,Computer Engineering,JEE,MH to AI,LOPENH,
532,31687 (62.2318540),510424610,Information Technology,JEE,AI to AI,AI,
533,31690 (62.2318540),321724510,Computer Engineering,JEE,AI to AI,AI,
534,31768 (62.1191773),417461210,Mechanical Engineering,JEE,AI to AI,AI,
535,31863 (62.0794103),677261210,Mechanical Engineering,JEE,MH to AI,GNT1H,
536,31930 (61.8797400),126524210,Computer Science and Engineering,JEE,AI to AI,AI,
537,32015 (61.7312137),413761210,Mechanical Engineering,JEE,MH to AI,LOPENH,
538,32030 (61.7312137),320337610,Electronics Engineering,JEE,MH to AI,LNT3H,
539,32105 (61.7312137),320737610,Electronics Engineering,JEE,MH to AI,GOPENH,
540,32118 (61.7312137),540819110,Civil Engineering,JEE,MH to AI,GOBCH,
541,32133 (61.6481889),319637220,Electronics and Telecommunication,JEE,MH to AI,GOPENH,
542,32153 (61.6481889),616037210,Electronics and Telecommunication,JEE,MH to AI,LSCH,
543,32222 (61.5862412),322324610,Information Technology,JEE,AI to AI,AI,
544,32249 (61.5862412),317550710,Chemical Engineering,JEE,AI to AI,AI,
545,32492 (61.3678487),622324210,Computer Science and Engineering,JEE,AI to AI,AI,
546,32514 (61.3678487),319037210,Electronics and Telecommunication,JEE,AI to AI,AI,
547,32544 (61.3424634),614424610,Information Technology,JEE,AI to AI,AI,
548,32545 (61.3424634),413861210,Mechanical Engineering,JEE,MH to AI,GOPENO,
549,32616 (61.3424634),631037210,Electronics and Telecommunication,JEE,AI to AI,AI,
550,32710 (61.2878164),346724510,Computer Engineering,JEE,AI to AI,AI,
551,32845 (61.1082493),414419110,Civil Engineering,JEE,MH to AI,GNT1H,
552,32869 (61.1082493),625050710,Chemical Engineering,JEE,AI to AI,AI,
553,32931 (61.0213008),319261210,Mechanical Engineering,JEE,MH to AI,GNT3H,
554,32942 (61.0213008),612237210,Electronics and Telecommunication,JEE,MH to AI,GSTO,
555,33100 (60.8771803),677024610,Information Technology,JEE,MH to AI,DEFOBCO,
556,33113 (60.8764711),678760210,Automobile Engineering,JEE,MH to AI,GOBCH,
557,33165 (60.6871111),675924510,Computer Engineering,JEE,MH to AI,LOBCH,
558,33172 (60.6871111),413824210,Computer Science and Engineering,JEE,AI to AI,AI,
559,33184 (60.6871111),211301110,Agricultural Engineering,JEE,AI to AI,AI,
560,33205 (60.6871111),678719110,Civil Engineering,JEE,MH to AI,GNT1H,
561,33293 (60.4761338),675824510,Computer Engineering,JEE,MH to AI,GNT2H,
562,33464 (60.2448149),622289510,Textile Plant Engineering,JEE,AI to AI,AI,
563,33762 (59.8989519),430519110,Civil Engineering,JEE,MH to AI,GOPENO,
564,33782 (59.8989519),346524510,Computer Engineering,JEE,AI to AI,AI,
565,33865 (59.8849992),418724210,Computer Science and Engineering,JEE,MH to AI,LSTH,
566,33867 (59.8849992),664929310,Electrical Engineering,JEE,MH to AI,GNT1H,
567,33869 (59.8849992),679619110,Civil Engineering,JEE,MH to AI,LSCH,
568,33872 (59.8849992),617637210,Electronics and Telecommunication,JEE,MI to AI,MI,
569,33917 (59.7209997),347724510,Computer Engineering,JEE,MH to AI,GSTH,
570,34046 (59.5196881),412337210,Electronics and Telecommunication,JEE,AI to AI,AI,
571,34049 (59.5196881),414737610,Electronics Engineering,JEE,MH to AI,GNT1H,
572,34060 (59.5079706),675729310,Electrical Engineering,JEE,MH to AI,GNT1H,
573,34081 (59.5079706),318937210,Electronics and Telecommunication,JEE,AI to AI,AI,
574,34123 (59.4654033),110519110,Civil Engineering,JEE,AI to AI,AI,
575,34142 (59.4654033),626720110,Environmental Engineering,JEE,AI to AI,AI,
576,34196 (59.3419763),628824210,Computer Science and Engineering,JEE,AI to AI,AI,
577,34229 (59.3419763),110537210,Electronics and Telecommunication,JEE,MH to AI,GSCH,
578,34269 (59.1485465),417929310,Electrical Engineering,JEE,MH to AI,GOPENO,
579,34375 (58.9929941),663424510,Computer Engineering,JEE,AI to AI,AI,
580,34618 (58.9463893),342361210,Mechanical Engineering,JEE,MH to AI,GOPENH,
581,34755 (58.7206253),516237610,Electronics Engineering,JEE,AI to AI,AI,
582,35052 (58.2570723),110519120,Civil Engineering,JEE,AI to AI,AI,
583,35127 (58.2423238),615519110,Civil Engineering,JEE,AI to AI,AI,
584,35299 (57.9836341),319419110,Civil Engineering,JEE,MH to AI,GSTO,
585,35322 (57.9745384),631724210,Computer Science and Engineering,JEE,AI to AI,AI,
586,35357 (57.9745384),679619110,Civil Engineering,JEE,MH to AI,GSCH,
587,35436 (57.8804548),510919110,Civil Engineering,JEE,AI to AI,AI,
588,35560 (57.8534414),512137620,Electronics Engineering,JEE,MH to AI,GSTH,
589,35566 (57.8534414),628361210,Mechanical Engineering,JEE,AI to AI,AI,
590,35653 (57.5409394),626861210,Mechanical Engineering,JEE,AI to AI,AI,
591,35675 (57.5409394),539924510,Computer Engineering,JEE,AI to AI,AI,
592,35677 (57.5409394),347724510,Computer Engineering,JEE,MH to AI,GVJH,
593,35767 (57.2652992),613824610,Information Technology,JEE,AI to AI,AI,
594,35783 (57.2652992),625061210,Mechanical Engineering,JEE,MH to AI,GNT1H,
595,35868 (57.1938241),678037210,Electronics and Telecommunication,JEE,AI to AI,AI,
596,35898 (57.1845713),319637210,Electronics and Telecommunication,JEE,MI to AI,MI,
597,35908 (57.1845713),541824510,Computer Engineering,JEE,AI to AI,AI,
598,35913 (57.1845713),630324210,Computer Science and Engineering,JEE,AI to AI,AI,
599,36082 (56.9761542),211619110,Civil Engineering,JEE,MH to AI,GNT2H,
600,36103 (56.9761542),533037210,Electronics and Telecommunication,JEE,MH to AI,GNT2H,
601,36370 (56.4587772),622337210,Electronics and Telecommunication,JEE,AI to AI,AI,
602,36397 (56.4587772),347537210,Electronics and Telecommunication,JEE,AI to AI,AI,
603,36538 (56.3496643),513937210,Electronics and Telecommunication,JEE,AI to AI,AI,
604,36685 (56.1235792),602861210,Mechanical Engineering,JEE,MH to AI,LNT1H,
605,36745 (56.0932474),677024610,Information Technology,JEE,MH to AI,GSCH,
606,36748 (56.0932474),615537210,Electronics and Telecommunication,JEE,AI to AI,AI,
607,36831 (56.0631652),628329310,Electrical Engineering,JEE,AI to AI,AI,
608,36862 (56.0288936),110737210,Electronics and Telecommunication,JEE,MH to AI,LSTH,
609,36925 (56.0243907),627262610,Production Engineering[Sandwich],JEE,AI to AI,AI,
610,36942 (56.0243907),678024210,Computer Science and Engineering,JEE,AI to AI,AI,
611,36964 (56.0243907),318837210,Electronics and Telecommunication,JEE,AI to AI,AI,
612,37052 (55.8362528),512137620,Electronics Engineering,JEE,MH to AI,LSEBCH,
613,37151 (55.8243181),417429310,Electrical Engineering,JEE,AI to AI,AI,
614,37185 (55.8243181),613824510,Computer Engineering,JEE,AI to AI,AI,
615,37186 (55.8243181),628319110,Civil Engineering,JEE,AI to AI,AI,
616,37213 (55.7277387),126519110,Civil Engineering,JEE,AI to AI,AI,
617,37347 (55.5640822),628350310,Food Technology,JEE,AI to AI,AI,
618,37427 (55.5640822),632537210,Electronics and Telecommunication,JEE,MH to AI,GOPENO,
619,37435 (55.5580907),539624510,Computer Engineering,JEE,MH to AI,GNT2H,
620,37610 (55.3063432),620361210,Mechanical Engineering,JEE,MH to AI,GNT1H,
621,37662 (55.0471040),629837210,Electronics and Telecommunication,JEE,MH to AI,GSCH,
622,37669 (55.0471040),675561210,Mechanical Engineering,JEE,MH to AI,GNT1H,
623,37695 (55.0471040),679619110,Civil Engineering,JEE,MH to AI,GSEBCH,
624,37772 (55.0471040),518119110,Civil Engineering,JEE,AI to AI,AI,
625,37834 (55.0061749),412361210,Mechanical Engineering,JEE,AI to AI,AI,
626,37974 (54.7886165),347161210,Mechanical Engineering,JEE,AI to AI,AI,
627,38071 (54.5671131),683424510,Computer Engineering,JEE,AI to AI,AI,
628,38109 (54.5671131),622261210,Mechanical Engineering,JEE,AI to AI,AI,
629,38205 (54.5457880),515161210,Mechanical Engineering,JEE,AI to AI,AI,
630,38227 (54.5035715),418761210,Mechanical Engineering,JEE,MH to AI,GNT1H,
631,38235 (54.5035715),418724210,Computer Science and Engineering,JEE,MH to AI,GSEBCH,
632,38278 (54.4546865),540924510,Computer Engineering,JEE,MH to AI,GNT3H,
633,38516 (54.0725330),540824510,Computer Engineering,JEE,MH to AI,GOBCH,
634,38800 (53.6087809),515119110,Civil Engineering,JEE,MH to AI,LSTH,
635,38970 (53.4842699),510961210,Mechanical Engineering,JEE,MH to AI,GOBCO,
636,39002 (53.4395300),512524510,Computer Engineering,JEE,AI to AI,AI,
637,39125 (53.3675051),517261210,Mechanical Engineering,JEE,AI to AI,AI,
638,39189 (53.3675051),627524610,Information Technology,JEE,AI to AI,AI,
639,39443 (53.0187722),631737210,Electronics and Telecommunication,JEE,AI to AI,AI,
640,39463 (52.5601884),319824510,Computer Engineering,JEE,AI to AI,AI,
641,39480 (52.5601884),317561210,Mechanical Engineering,JEE,AI to AI,AI,
642,39536 (52.4859494),632337210,Electronics and Telecommunication,JEE,MH to AI,GNT2H,
643,39662 (52.4282979),673237210,Electronics and Telecommunication,JEE,MH to AI,LSTH,
644,39672 (52.4282979),517724510,Computer Engineering,JEE,AI to AI,AI,
645,39683 (52.4282979),343937210,Electronics and Telecommunication,JEE,MH to AI,LOPENO,
646,39757 (52.3672605),317546110,Bio Medical Engineering,JEE,AI to AI,AI,
647,39782 (52.3672605),614561210,Mechanical Engineering,JEE,MH to AI,GSCH,
648,39904 (52.2898604),630319110,Civil Engineering,JEE,MH to AI,GNT1H,
649,39906 (52.2898604),317537210,Electronics and Telecommunication,JEE,MH to AI,LNT3H,
650,39907 (52.2898604),629829310,Electrical Engineering,JEE,MH to AI,GNT2H,
651,40048 (52.0154169),614424510,Computer Engineering,JEE,AI to AI,AI,
652,40049 (52.0154169),342361210,Mechanical Engineering,JEE,MH to AI,LOPENH,
653,40205 (51.7298681),533024510,Computer Engineering,JEE,AI to AI,AI,
654,40250 (51.7298681),510624510,Computer Engineering,JEE,AI to AI,AI,
655,40255 (51.7298681),318337610,Electronics Engineering,JEE,MH to AI,GOPENO,
656,40491 (51.4300675),342337610,Electronics Engineering,JEE,MH to AI,LOPENH,
657,40542 (51.3974280),320429310,Electrical Engineering,JEE,MI to AI,MI,
658,40543 (51.3974280),614529310,Electrical Engineering,JEE,AI to AI,AI,
659,40677 (51.1965719),319350710,Chemical Engineering,JEE,MH to AI,GOBCH,
660,40820 (51.1075834),111624210,Computer Science and Engineering,JEE,MH to AI,GSCH,
661,40989 (50.6993985),417724610,Information Technology,JEE,AI to AI,AI,
662,41021 (50.6993985),111619110,Civil Engineering,JEE,AI to AI,AI,
663,41053 (50.6993985),627246610,Instrumentation Engineering,JEE,AI to AI,AI,
664,41337 (50.4008523),664324210,Computer Science and Engineering,JEE,AI to AI,AI,
665,41347 (50.4008523),632024510,Computer Engineering,JEE,AI to AI,AI,
666,41371 (50.3358584),314637210,Electronics and Telecommunication,JEE,MH to AI,GNT1H,
667,41391 (50.3358584),618424610,Information Technology,JEE,AI to AI,AI,
668,41395 (50.3358584),110537220,Electronics and Telecommunication,JEE,MH to AI,GNT1H,
669,41403 (50.3358584),211437010,Electronics and Telecommunication,JEE,AI to AI,AI,
670,41422 (50.3358339),412361220,Mechanical Engineering,JEE,MH to AI,GOPENO,
671,41591 (50.1040740),517037210,Electronics and Telecommunication,JEE,MH to AI,LOPENO,
672,41623 (50.1040740),516824510,Computer Engineering,JEE,MH to AI,GNT1H,
673,41715 (49.9464457),677024510,Computer Engineering,JEE,MH to AI,LSEBCO,
674,41797 (49.5058384),618561210,Mechanical Engineering,JEE,MH to AI,GNT1H,
675,41895 (49.5051144),343624510,Computer Engineering,JEE,MH to AI,LOBCH,
676,42120 (49.4348344),430561210,Mechanical Engineering,JEE,AI to AI,AI,
677,42176 (49.3709601),510861210,Mechanical Engineering,JEE,AI to AI,AI,
678,42555 (48.8378761),414737610,Electronics Engineering,JEE,MH to AI,LNT2H,
679,42611 (48.7756368),617837210,Electronics and Telecommunication,JEE,AI to AI,AI,
680,42633 (48.7598228),676824510,Computer Engineering,JEE,MH to AI,GSCH,
681,42645 (48.7598228),662029310,Electrical Engineering,JEE,MH to AI,GOBCH,
682,42690 (48.4694104),632337210,Electronics and Telecommunication,JEE,MH to AI,GNT3H,
683,42702 (48.4694104),628429310,Electrical Engineering,JEE,AI to AI,AI,
684,42895 (48.2853779),413824610,Information Technology,JEE,MI to AI,MI,
685,42963 (47.9668374),322224510,Computer Engineering,JEE,AI to AI,AI,
686,42976 (47.9668374),678737210,Electronics and Telecommunication,JEE,MH to AI,GNT2H,
687,43105 (47.9492562),616019110,Civil Engineering,JEE,MH to AI,GSCH,
688,43149 (47.9492562),346761210,Mechanical Engineering,JEE,MH to AI,GNT2H,
689,43232 (47.6041326),613824610,Information Technology,JEE,MH to AI,GNT3H,
690,43355 (47.4330409),344561210,Mechanical Engineering,JEE,MH to AI,GNT1H,
691,43364 (47.4330409),517237210,Electronics and Telecommunication,JEE,AI to AI,AI,
692,43365 (47.4330409),418724210,Computer Science and Engineering,JEE,MH to AI,LOBCH,
693,43389 (47.4330409),322137210,Electronics and Telecommunication,JEE,MH to AI,GNT1H,
694,43404 (47.4126210),417224210,Computer Science and Engineering,JEE,AI to AI,AI,
695,43547 (47.3309245),512550710,Chemical Engineering,JEE,MH to AI,LSCH,
696,43584 (47.0389653),663519110,Civil Engineering,JEE,MH to AI,GNT1H,
697,43621 (47.0389653),320050710,Chemical Engineering,JEE,MH to AI,LOBCH,
698,43632 (47.0389653),318737610,Electronics Engineering,JEE,MH to AI,GNT1H,
699,43716 (46.9435256),510419110,Civil Engineering,JEE,MH to AI,GNT2H,
700,43821 (46.7418089),679661210,Mechanical Engineering,JEE,MH to AI,LOBCH,
701,43904 (46.7037158),680824510,Computer Engineering,JEE,AI to AI,AI,
702,43942 (46.7037158),510324510,Computer Engineering,JEE,AI to AI,AI,
703,43998 (46.6166826),602819110,Civil Engineering,JEE,MH to AI,GOBCH,
704,44031 (46.4409358),317537210,Electronics and Telecommunication,JEE,MH to AI,LOBCH,
705,44081 (46.2940192),318460610,Production Engineering,JEE,MI to AI,MI,
706,44268 (46.1596337),677024610,Information Technology,JEE,MH to AI,GSEBCH,
707,44290 (46.1596337),677024510,Computer Engineering,JEE,MH to AI,GNT2O,
708,44363 (46.0872541),673237210,Electronics and Telecommunication,JEE,MH to AI,GSCH,
709,44469 (46.0731544),342337210,Electronics and Telecommunication,JEE,AI to AI,AI,
710,44502 (45.9526561),112050710,Chemical Engineering,JEE,AI to AI,AI,
711,44520 (45.9526561),679619110,Civil Engineering,JEE,MH to AI,LSCO,
712,44626 (45.6780507),320329310,Electrical Engineering,JEE,AI to AI,AI,
713,44635 (45.6780507),533024610,Information Technology,JEE,AI to AI,AI,
714,44642 (45.5663046),342319110,Civil Engineering,JEE,MH to AI,GOPENO,
715,45006 (44.9135098),413637210,Electronics and Telecommunication,JEE,AI to AI,AI,
716,45136 (44.7470889),618324510,Computer Engineering,JEE,MH to AI,GOPENH,
717,45164 (44.7470889),319824610,Information Technology,JEE,AI to AI,AI,
718,45240 (44.6260520),617629310,Electrical Engineering,JEE,MH to AI,GOPENO,
719,45427 (44.4371590),321819110,Civil Engineering,JEE,MH to AI,GOPENH,
720,46140 (43.2929930),618324510,Computer Engineering,JEE,MH to AI,GOPENO,
721,46179 (43.2929930),418724210,Computer Science and Engineering,JEE,MH to AI,GVJH,
722,46192 (43.2929930),615519110,Civil Engineering,JEE,MI to AI,MI,
723,46240 (43.2592711),626961210,Mechanical Engineering,JEE,MH to AI,LNT1H,
724,46261 (43.2023601),321624510,Computer Engineering,JEE,MH to AI,GSEBCO,
725,46344 (43.2023601),631161210,Mechanical Engineering,JEE,MH to AI,GNT1H,
726,46540 (42.8689477),211461210,Mechanical Engineering,JEE,AI to AI,AI,
727,46665 (42.8424398),417819110,Civil Engineering,JEE,MH to AI,GNT3H,
728,46678 (42.8424398),510461210,Mechanical Engineering,JEE,AI to AI,AI,
729,46881 (42.4330149),111419110,Civil Engineering,JEE,AI to AI,AI,
730,46903 (42.4330149),419524210,Computer Science and Engineering,JEE,MH to AI,GNT2H,
731,46978 (42.3123772),335124510,Computer Engineering,JEE,MH to AI,GSCH,
732,47016 (42.3123772),618424610,Information Technology,JEE,MH to AI,GSCO,
733,47022 (42.3123772),430561210,Mechanical Engineering,JEE,MH to AI,GOPENO,
734,47103 (41.9714097),418724210,Computer Science and Engineering,JEE,MH to AI,GSEBCO,
735,47168 (41.7203253),515137210,Electronics and Telecommunication,JEE,MH to AI,LSCH,
736,47270 (41.6030569),612261210,Mechanical Engineering,JEE,MH to AI,GNT1H,
737,47335 (41.5378576),315437210,Electronics and Telecommunication,JEE,MH to AI,GNT2H,
738,47404 (41.5004904),414719110,Civil Engineering,JEE,MH to AI,LOBCH,
739,47493 (41.0782060),212619110,Civil Engineering,JEE,MH to AI,GOBCH,
740,47541 (41.0647492),516824510,Computer Engineering,JEE,MH to AI,GNT2H,
741,47604 (41.0540043),532224510,Computer Engineering,JEE,MH to AI,LOPENO,
742,47712 (40.8029095),677024510,Computer Engineering,JEE,MH to AI,GSEBCO,
743,47778 (40.7629645),510937210,Electronics and Telecommunication,JEE,MH to AI,GOBCH,
744,47800 (40.7255636),683924210,Computer Science and Engineering,JEE,AI to AI,AI,
745,47823 (40.7255636),322161210,Mechanical Engineering,JEE,MH to AI,GNT1H,
746,47833 (40.7255636),618737210,Electronics and Telecommunication,JEE,MH to AI,GNT2H,
747,47850 (40.7238289),213419110,Civil Engineering,JEE,AI to AI,AI,
748,47854 (40.7238289),614537210,Electronics and Telecommunication,JEE,AI to AI,AI,
749,47901 (40.3405328),417419110,Civil Engineering,JEE,MI to AI,MI,
750,48017 (40.3087927),613824610,Information Technology,JEE,MH to AI,GSCH,
751,48287 (39.7667458),414719110,Civil Engineering,JEE,MH to AI,GNT1H,
752,48417 (39.5834297),515129310,Electrical Engineering,JEE,MH to AI,GSTH,
753,48419 (39.5834297),213424210,Computer Science and Engineering,JEE,MH to AI,GNT3H,
754,48540 (39.5041217),612261220,Mechanical Engineering,JEE,MH to AI,GNT1H,
755,48570 (39.5041217),212637210,Electronics and Telecommunication,JEE,MH to AI,LNT2H,
756,48850 (38.9745382),417924210,Computer Science and Engineering,JEE,AI to AI,AI,
757,48877 (38.8339820),212637210,Electronics and Telecommunication,JEE,MH to AI,LOBCH,
758,48980 (38.7463223),413524210,Computer Science and Engineering,JEE,MH to AI,GNT1H,
759,49005 (38.7463223),347561210,Mechanical Engineering,JEE,AI to AI,AI,
760,49187 (38.3795131),317561210,Mechanical Engineering,JEE,MH to AI,GOPENH,
761,49190 (38.3795131),618719110,Civil Engineering,JEE,AI to AI,AI,
762,49302 (38.2255670),320337610,Electronics Engineering,JEE,AI to AI,AI,
763,49393 (38.1340778),320137610,Electronics Engineering,JEE,MH to AI,GOPENH,
764,49457 (38.0934562),313546610,Instrumentation Engineering,JEE,MH to AI,LOBCH,
765,49509 (38.0934562),322461210,Mechanical Engineering,JEE,MH to AI,GNT1H,
766,49563 (37.9997111),618529310,Electrical Engineering,JEE,AI to AI,AI,
767,49732 (37.8243947),320137610,Electronics Engineering,JEE,MH to AI,LOPENO,
768,49932 (37.4726729),318961210,Mechanical Engineering,JEE,AI to AI,AI,
769,49964 (37.4726729),512424510,Computer Engineering,JEE,AI to AI,AI,
770,49990 (37.0614653),516019110,Civil Engineering,JEE,AI to AI,AI,
771,49991 (37.0614653),417824210,Computer Science and Engineering,JEE,AI to AI,AI,
772,50109 (36.7759770),628537210F,Electronics and Telecommunication,JEE,AI to AI,AI,
773,50433 (36.2434690),617837220,Electronics and Telecommunication,JEE,MH to AI,LNT2O,
774,50539 (36.2064582),510846410,Instrumentation and Control ,JEE,MH to AI,GNT2H,
775,50640 (35.9246106),675519110,Civil Engineering,JEE,MH to AI,GNT2H,
776,50648 (35.9246106),614924610,Information Technology,JEE,MH to AI,GOPENO,
777,50774 (35.8067603),616037210,Electronics and Telecommunication,JEE,AI to AI,AI,
778,50955 (35.3870155),510429310,Electrical Engineering,JEE,MH to AI,GNT1H,
779,51001 (35.3870155),211661210,Mechanical Engineering,JEE,MH to AI,GNT1H,
780,51128 (35.2264517),541819110,Civil Engineering,JEE,AI to AI,AI,
781,51351 (34.8761340),416370110,Mining Engineering,JEE,MH to AI,GNT2H,
782,51481 (34.6709164),112024210,Computer Science and Engineering,JEE,MI to AI,MI,
783,51749 (33.7252243),630737210,Electronics and Telecommunication,JEE,AI to AI,AI,
784,52203 (32.9414986),612237210,Electronics and Telecommunication,JEE,MH to AI,PHCSCH,
785,52235 (32.9414986),112124210,Computer Science and Engineering,JEE,MH to AI,GNT2H,
786,52642 (32.0903684),517261210,Mechanical Engineering,JEE,MI to AI,MI,
787,52704 (31.9523144),413424210,Computer Science and Engineering,JEE,MH to AI,GSEBCH,
788,52728 (31.9523144),673237210,Electronics and Telecommunication,JEE,MH to AI,LSEBCH,
789,52766 (31.8695728),417124610,Information Technology,JEE,AI to AI,AI,
790,53021 (31.4206123),676824510,Computer Engineering,JEE,MH to AI,LNT1H,
791,53101 (31.3241821),213524210,Computer Science and Engineering,JEE,MH to AI,LSCH,
792,53164 (31.0741245),676824510,Computer Engineering,JEE,MH to AI,GSEBCH,
793,53212 (31.0291608),415124610,Information Technology,JEE,AI to AI,AI,
794,53278 (30.9008342),617708210,Bio Technology,JEE,AI to AI,AI,
795,53325 (30.7814030),410425110,Computer Technology,JEE,MH to AI,LSEBCH,
796,53567 (30.4387000),110719110,Civil Engineering,JEE,AI to AI,AI,
797,53571 (30.4387000),510408210,Bio Technology,JEE,AI to AI,AI,
798,53708 (30.3294697),318546610,Instrumentation Engineering,JEE,AI to AI,AI,
799,53760 (30.3294697),616037210,Electronics and Telecommunication,JEE,MH to AI,GNT1H,
800,53946 (30.0357932),679619110,Civil Engineering,JEE,MH to AI,LOPENH,
801,53953 (30.0357932),513937210,Electronics and Telecommunication,JEE,MH to AI,LSTH,
802,54232 (29.5121110),632361210,Mechanical Engineering,JEE,MH to AI,GNT1H,
803,54393 (28.8405980),679619110,Civil Engineering,JEE,AI to AI,AI,
804,54565 (28.6205536),617919110,Civil Engineering,JEE,AI to AI,AI,
805,54573 (28.6010145),517729310,Electrical Engineering,JEE,MH to AI,LNT1H,
806,54618 (28.2807048),517724610,Information Technology,JEE,AI to AI,AI,
807,54748 (28.1324311),617619110,Civil Engineering,JEE,MH to AI,GOPENO,
808,54788 (28.1212550),614561210,Mechanical Engineering,JEE,MH to AI,GSTH,
809,54996 (27.7821436),677024510,Computer Engineering,JEE,MH to AI,LOBCH,
810,55018 (27.5248702),515137210,Electronics and Telecommunication,JEE,MH to AI,GNT3H,
811,55043 (27.5248702),417261210,Mechanical Engineering,JEE,MH to AI,GOPENO,
812,55064 (27.2562222),613837210,Electronics and Telecommunication,JEE,MH to AI,LOBCH,
813,55174 (27.0737166),321624510,Computer Engineering,JEE,MH to AI,GSEBCH,
814,55193 (26.9321354),662061210,Mechanical Engineering,JEE,AI to AI,AI,
815,55284 (26.8212102),602851510,Chemical Technology,JEE,MH to AI,LNT3H,
816,55538 (26.4901759),319061210,Mechanical Engineering,JEE,AI to AI,AI,
817,55627 (26.2025568),319019110,Civil Engineering,JEE,AI to AI,AI,
818,55683 (26.0281158),679619110,Civil Engineering,JEE,MH to AI,DEFSTO,
819,55747 (25.8290647),417124610,Information Technology,JEE,MI to AI,MI,
820,55888 (25.4523308),612219110,Civil Engineering,JEE,MH to AI,GNT3H,
821,55964 (25.3961850),319419110,Civil Engineering,JEE,MH to AI,LOBCH,
822,55986 (25.3961850),322024510,Computer Engineering,JEE,MH to AI,GNT1H,
823,56032 (25.1582162),419624210,Computer Science and Engineering,JEE,AI to AI,AI,
824,56080 (25.0839623),430461210F,Mechanical Engineering,JEE,AI to AI,AI,
825,56093 (25.0839623),676824510,Computer Engineering,JEE,MH to AI,LOBCH,
826,56290 (24.7681740),677229310,Electrical Engineering,JEE,MH to AI,LNT2H,
827,56362 (24.4783671),617837220,Electronics and Telecommunication,JEE,MH to AI,PHCSTH,
828,56380 (24.4783671),112019110,Civil Engineering,JEE,AI to AI,AI,
829,56381 (24.4783671),211461210,Mechanical Engineering,JEE,MH to AI,GSTH,
830,56389 (24.3942991),320224510,Computer Engineering,JEE,MH to AI,LOBCH,
831,56416 (24.3935432),615561210,Mechanical Engineering,JEE,AI to AI,AI,
832,56421 (24.3935432),414724610,Information Technology,JEE,AI to AI,AI,
833,56441 (24.3935432),211419110,Civil Engineering,JEE,AI to AI,AI,
834,56566 (24.0313331),676824510,Computer Engineering,JEE,MH to AI,LSCH,
835,56602 (24.0313331),320624510,Computer Engineering,JEE,MH to AI,LOBCH,
836,56616 (23.9870355),510437210,Electronics and Telecommunication,JEE,AI to AI,AI,
837,56676 (23.8271764),626708210,Bio Technology,JEE,AI to AI,AI,
838,56711 (23.8066622),538224510,Computer Engineering,JEE,AI to AI,AI,
839,56848 (23.5227199),320737210,Electronics and Telecommunication,JEE,MI to AI,MI,
840,56869 (23.5227199),675537210,Electronics and Telecommunication,JEE,MH to AI,GSCH,
841,56979 (22.9716163),417429310,Electrical Engineering,JEE,MI to AI,MI,
842,57176 (22.8100901),321624510,Computer Engineering,JEE,AI to AI,AI,
843,57739 (21.4565857),344024510,Computer Engineering,JEE,MH to AI,GNT2H,
844,57922 (20.8452547),626537610,Electronics Engineering,JEE,AI to AI,AI,
845,58202 (20.1070045),414229310,Electrical Engineering,JEE,MH to AI,LOPENO,
846,58304 (19.6074669),347537210,Electronics and Telecommunication,JEE,MI to AI,MI,
847,58595 (18.8957981),213424210,Computer Science and Engineering,JEE,AI to AI,AI,
848,58617 (18.8660056),679619110,Civil Engineering,JEE,MH to AI,LNT2H,
849,58736 (18.4560363),602851510,Chemical Technology,JEE,MH to AI,GSCH,
850,58942 (17.8748740),618537210,Electronics and Telecommunication,JEE,MH to AI,LNT1H,
851,58967 (17.8705064),225029310,Electrical Engineering,JEE,AI to AI,AI,
852,58982 (17.8705064),625037210,Electronics and Telecommunication,JEE,AI to AI,AI,
853,59116 (17.6140262),626561210,Mechanical Engineering,JEE,AI to AI,AI,
854,59603 (16.0961699),417724610,Information Technology,JEE,MI to AI,MI,
855,59623 (15.9986624),342337210,Electronics and Telecommunication,JEE,MH to AI,GOPENH,
856,59642 (15.9986624),347162410,Mechatronics Engineering,JEE,AI to AI,AI,
857,59653 (15.8849304),412361220,Mechanical Engineering,JEE,MH to AI,GOPENH,
858,59693 (15.8679715),418624210,Computer Science and Engineering,JEE,AI to AI,AI,
859,59800 (15.5429656),419524210,Computer Science and Engineering,JEE,MH to AI,GNT3H,
860,59860 (15.4613812),673237210,Electronics and Telecommunication,JEE,MH to AI,GSTH,
861,59864 (15.4613812),632624210,Computer Science and Engineering,JEE,MH to AI,GSTH,
862,59941 (15.1910328),662224510,Computer Engineering,JEE,MI to AI,MI,
863,60002 (14.9523757),417461210,Mechanical Engineering,JEE,MI to AI,MI,
864,60016 (14.8886403),664037210,Electronics and Telecommunication,JEE,AI to AI,AI,
865,60162 (14.3622143),414237210,Electronics and Telecommunication,JEE,AI to AI,AI,
866,60202 (14.1800419),212924610,Information Technology,JEE,AI to AI,AI,
867,60299 (13.6001235),614424610,Information Technology,JEE,MH to AI,LSCH,
868,60570 (12.6632952),612237210,Electronics and Telecommunication,JEE,MH to AI,PHCNT2H,
869,60662 (12.4760604),664961210,Mechanical Engineering,JEE,MH to AI,GNT1H,
870,60773 (12.1817279),416370110,Mining Engineering,JEE,MH to AI,GSCH,
871,60777 (12.1817279),417224210,Computer Science and Engineering,JEE,MI to AI,MI,
872,60925 (11.3880716),344519110,Civil Engineering,JEE,MH to AI,GNT1H,
873,61006 (11.2433031),257329310,Electrical Engineering,JEE,MH to AI,GNT1H,
874,61065 (11.0450589),612237210,Electronics and Telecommunication,JEE,MH to AI,ORPHAN,
875,61082 (10.8916970),517219110,Civil Engineering,JEE,MI to AI,MI,
876,61155 (10.6123939),617861210,Mechanical Engineering,JEE,AI to AI,AI,
877,61202 (10.5137680),515161210,Mechanical Engineering,JEE,MH to AI,GNT2H,
878,61220 (10.3547739),533061210,Mechanical Engineering,JEE,MH to AI,GNT1H,
879,61308 (10.0853119),412337210,Electronics and Telecommunication,JEE,MH to AI,LOPENH,
880,61381 (9.6654680),673237210,Electronics and Telecommunication,JEE,MH to AI,GVJH,
881,61404 (9.5214863),415129310,Electrical Engineering,JEE,MH to AI,GNT2H,4151
882,61440 (9.3203595),411824510,Computer Engineering,JEE,MH to AI,GNT2H,
883,61690 (8.1355582),679661210,Mechanical Engineering,JEE,AI to AI,AI,
884,61765 (7.8109393),211437010,Electronics and Telecommunication,JEE,MH to AI,GNT2H,2114
885,61787 (7.6873232),622237610,Electronics Engineering,JEE,AI to AI,AI,6222
886,61861 (7.1875028),641924210,Computer Science and Engineering,JEE,AI to AI,AI,6419
887,61938 (6.9165666),415137010,Electronics and Communication,JEE,MH to AI,GNT1H,4151
888,62161 (5.6941838),413924210,Computer Science and Engineering,JEE,MI to AI,MI,4139
889,62277 (4.9543642),632024510,Computer Engineering,JEE,MH to AI,GNT2H,6320
890,62416 (4.0266025),418724210,Computer Science and Engineering,JEE,AI to AI,AI,4187
891,62519 (3.4816656),413637210,Electronics and Telecommunication,JEE,MH to AI,GOPENO,4136
892,62589 (2.9359749),417237210,Electronics and Telecommunication,JEE,MH to AI,GOPENO,4172
893,62711 (1.8868633),320137610,Electronics Engineering,JEE,MH to AI,LOPENH,3201
894,62786 (1.1824371),678761210,Mechanical Engineering,JEE,MH to AI,GNT2H,6787
895,64780 (93.5618432),417108210,Bio Technology,CET,MI to AI,MI,4171
896,64960 (93.2232788),617861210,Mechanical Engineering,CET,MH to AI,LNT1H,6178
897,67320 (88.9790923),675924510,Computer Engineering,CET,AI to AI,AI,6759
898,67451 (88.7690737),347724510,Computer Engineering,CET,MH to AI,GSEBCH,3477
899,69895 (84.3203001),617861220,Mechanical Engineering,CET,AI to AI,AI,6178
900,71574 (80.9621749),410419110,Civil Engineering,CET,AI to AI,AI,4104
901,73119 (77.6398977),343961210,Mechanical Engineering,CET,MH to AI,GOPENO,3439
902,74130 (75.2076650),613824610,Information Technology,CET,MH to AI,GSTH,6138
903,75680 (71.4320373),313546610,Instrumentation Engineering,CET,MH to AI,GOBCH,3135
904,75890 (70.8801952),319661210,Mechanical Engineering,CET,MH to AI,LOPENH,3196
905,76058 (70.4786252),622019110,Civil Engineering,CET,AI to AI,AI,6220
906,76077 (70.4163438),111924210,Computer Science and Engineering,CET,AI to AI,AI,1119
907,78205 (64.3214588),675519110,Civil Engineering,CET,MH to AI,LNT2H,6755
908,79673 (59.6709950),213819110,Civil Engineering,CET,MH to AI,GNT2H,2138
909,80301 (57.6283829),342319110,Civil Engineering,CET,MH to AI,LOPENH,3423
910,80441 (57.1113026),683924210,Computer Science and Engineering,CET,MH to AI,GNT2O,6839
911,81038 (55.0179964),533161210,Mechanical Engineering,CET,MH to AI,GNT2H,5331
912,81211 (54.3691113),111724210,Computer Science and Engineering,CET,AI to AI,AI,1117
913,81736 (52.4463547),673261210,Mechanical Engineering,CET,AI to AI,AI,6732
914,82516 (49.6295706),512424610,Information Technology,CET,AI to AI,AI,5124
915,84647 (41.0923140),516129310,Electrical Engineering,CET,AI to AI,AI,5161
916,84755 (40.6628622),347724510,Computer Engineering,CET,MH to AI,GNT2O,3477
917,84914 (39.9549546),322024510,Computer Engineering,CET,MH to AI,GNT2H,
918,85097 (39.1098108),211319110,Civil Engineering,CET,AI to AI,AI,
919,85104 (39.0801185),418724210,Computer Science and Engineering,CET,MH to AI,GOBCH,4187
920,85328 (38.1621923),319446610,Instrumentation Engineering,CET,AI to AI,AI,3194
921,86158 (34.4003244),614424610,Information Technology,CET,MH to AI,GOBCH,6144
922,86194 (34.2261538),111924610,Information Technology,CET,AI to AI,AI,1119
923,86331 (33.6967621),347129310,Electrical Engineering,CET,MH to AI,GNT1H,3471
924,86385 (33.4479987),342361210,Mechanical Engineering,CET,AI to AI,AI,3423
925,87559 (27.8068263),616019110,Civil Engineering,CET,AI to AI,AI,
926,88034 (25.5538336),322024610,Information Technology,CET,AI to AI,AI,
927,88135 (25.0382017),347724510,Computer Engineering,CET,MH to AI,LSEBCH,
928,88357 (24.0348196),417824610,Information Technology,CET,MH to AI,GSTO,
929,88376 (23.9700035),677024510,Computer Engineering,CET,MH to AI,GSCH,
930,88688 (22.6505073),112724510,Computer Engineering,CET,AI to AI,AI,
931,88938 (21.5127858),632524510,Computer Engineering,CET,MI to AI,MI,
932,89231 (20.1748224),319237210,Electronics and Telecommunication,CET,MH to AI,LOBCH,
933,89630 (18.2075274),413424210,Computer Science and Engineering,CET,AI to AI,AI,
934,89984 (16.6255078),673237210,Electronics and Telecommunication,CET,MH to AI,GSEBCH,
935,90163 (15.7604484),342361210,Mechanical Engineering,CET,MI to AI,MI,
936,90279 (15.1423419),318360210,Automobile Engineering,CET,AI to AI,AI,
937,90381 (14.6162091),673237210,Electronics and Telecommunication,CET,MH to AI,LOBCO,
938,90443 (14.2294852),322224510,Computer Engineering,CET,MI to AI,MI,
939,90505 (14.0082414),618219110,Civil Engineering,CET,MH to AI,GNT1H,
940,90516 (13.9387180),319661210,Mechanical Engineering,CET,MH to AI,GOPENH,
941,90604 (13.4600204),679524510,Computer Engineering,CET,AI to AI,AI,
942,90695 (12.9610452),414229310,Electrical Engineering,CET,MH to AI,GOPENO,
943,90745 (12.7448708),677024510,Computer Engineering,CET,AI to AI,AI,
944,91002 (11.5158999),513950710,Chemical Engineering,CET,AI to AI,AI,
945,91639 (7.9803452),612237210,Electronics and Telecommunication,CET,MH to AI,GVJH,
946,91703 (7.6450396),613824610,Information Technology,CET,MH to AI,LOBCH,
947,92014 (6.0123259),616037210,Electronics and Telecommunication,CET,MH to AI,GNT2H,
948,92339 (4.2825692),614424610,Information Technology,CET,MH to AI,LOBCO,
949,92124 (5.4409305),539024510,Computer Engineering,CET,AI to AI,AI,
950,92376 (4.0707401),539024510,Computer Engineering,CET,AI to AI,AI,
951,92935 (0.6336768),112624210,Computer Science and Engineering,CET,AI to AI,AI,
952,93154 (73.5600000),679661210,Mechanical Engineering,CET,AI to AI,AI,
953,93258 (66.2400000),630424210,Computer Science and Engineering,CET,AI to AI,AI,
954,93346 (60.1200000),622261210,Mechanical Engineering,CET,AI to AI,AI,
